news_id,ticker,published_date,begin_price,end_price,index_begin_price,index_end_price,volume,market,price_change,price_change_percentage,index_price_change,index_price_change_percentage,daily_alpha,actual_side,runid
14556,JSPR,2024-05-30 18:05:00,24.2,24.1,524.52,522.61,105441,regular_market,-0.09999999999999787,-0.41322314049585895,-1.9099999999999682,-0.36414245405322354,-0.04908068644263541,DOWN,1752173936
14534,DYAI,2024-05-30 16:30:00,2.15,2.27,524.52,522.61,355195,regular_market,0.1200000000000001,5.581395348837215,-1.9099999999999682,-0.36414245405322354,5.945537802890438,UP,1752173936
15005,ONCT,2024-05-30 16:05:00,9.31,9.1,524.52,522.61,2143,regular_market,-0.21000000000000085,-2.25563909774437,-1.9099999999999682,-0.36414245405322354,-1.8914966436911462,DOWN,1752173936
14908,IMCR,2024-05-30 16:00:00,46.12,46.71,524.52,522.61,1058863,regular_market,0.5900000000000034,1.2792714657415514,-1.9099999999999682,-0.36414245405322354,1.6434139197947748,UP,1752173936
15064,CHRS,2024-05-30 09:00:00,1.84,1.87,526.1,524.52,1749408,pre_market,0.030000000000000027,1.630434782608697,-1.580000000000041,-0.30032313248432635,1.9307579150930232,UP,1752173936
15809,RZLT,2024-05-30 08:00:00,4.13,4.16,526.1,524.52,1230032,pre_market,0.03000000000000025,0.7263922518159867,-1.580000000000041,-0.30032313248432635,1.026715384300313,UP,1752173936
15248,CDTX,2024-05-30 08:00:00,11.82,12.09,526.1,524.52,38209,pre_market,0.2699999999999996,2.2842639593908594,-1.580000000000041,-0.30032313248432635,2.5845870918751856,UP,1752173936
16628,CADL,2024-05-30 08:00:00,8.79,8.91,526.1,524.52,1031666,pre_market,0.120000000000001,1.3651877133105916,-1.580000000000041,-0.30032313248432635,1.665510845794918,UP,1752173936
16490,CRBP,2024-05-30 08:00:00,43.5,42.77,526.1,524.52,223913,pre_market,-0.7299999999999969,-1.678160919540223,-1.580000000000041,-0.30032313248432635,-1.3778377870558967,DOWN,1752173936
15487,PCRX,2024-05-30 08:00:00,29.26,29.48,526.1,524.52,606715,pre_market,0.21999999999999886,0.7518796992481164,-1.580000000000041,-0.30032313248432635,1.0522028317324428,UP,1752173936
16270,INMB,2024-05-30 08:00:00,9.65,9.66,526.1,524.52,66338,pre_market,0.009999999999999787,0.10362694300517913,-1.580000000000041,-0.30032313248432635,0.40395007548950546,UP,1752173936
16292,HUMA,2024-05-30 08:00:00,7.71,7.71,526.1,524.52,8180050,pre_market,0.0,0.0,-1.580000000000041,-0.30032313248432635,0.30032313248432635,UP,1752173936
15289,TLSA,2024-05-30 07:00:00,0.9374,0.93,526.1,524.52,97128,pre_market,-0.007399999999999962,-0.7894175378707022,-1.580000000000041,-0.30032313248432635,-0.4890944053863759,DOWN,1752173936
16116,OCS,2024-05-30 04:00:00,11.93,11.81,526.1,524.52,24757,pre_market,-0.11999999999999922,-1.0058675607711585,-1.580000000000041,-0.30032313248432635,-0.7055444282868322,DOWN,1752173936
16118,OCS,2024-05-30 04:00:00,11.93,11.81,526.1,524.52,24757,pre_market,-0.11999999999999922,-1.0058675607711585,-1.580000000000041,-0.30032313248432635,-0.7055444282868322,DOWN,1752173936
16117,OCS,2024-05-30 04:00:00,11.93,11.81,526.1,524.52,24757,pre_market,-0.11999999999999922,-1.0058675607711585,-1.580000000000041,-0.30032313248432635,-0.7055444282868322,DOWN,1752173936
14557,JSPR,2024-05-29 16:30:00,23.56,24.22,525.68,526.1,70456,regular_market,0.6600000000000001,2.801358234295417,0.42000000000007276,0.07989651499012189,2.721461719305295,UP,1752173936
14767,ORIC,2024-05-29 16:30:00,8.63,8.45,525.68,526.1,345742,regular_market,-0.1800000000000015,-2.085747392815776,0.42000000000007276,0.07989651499012189,-2.1656439078058978,DOWN,1752173936
16712,XFOR,2024-05-29 16:30:00,28.014,28.035,525.68,526.1,23119,regular_market,0.021000000000000796,0.07496251874063252,0.42000000000007276,0.07989651499012189,-0.00493399624948937,UP,1752173936
15649,CERT,2024-05-29 16:15:00,16.5,16.49,525.68,526.1,407788,regular_market,-0.010000000000001563,-0.06060606060607008,0.42000000000007276,0.07989651499012189,-0.14050257559619198,DOWN,1752173936
15344,IMRX,2024-05-29 16:05:00,1.44,1.45,525.68,526.1,196003,regular_market,0.010000000000000009,0.6944444444444451,0.42000000000007276,0.07989651499012189,0.6145479294543232,UP,1752173936
15109,SCPH,2024-05-29 16:01:00,3.85,3.92,525.68,526.1,164598,regular_market,0.06999999999999984,1.818181818181814,0.42000000000007276,0.07989651499012189,1.738285303191692,UP,1752173936
16452,RNAZ,2024-05-29 09:15:00,1792.56,1589.28,529.81,525.68,2646,pre_market,-203.27999999999997,-11.340206185567009,-4.1299999999999955,-0.779524735282459,-10.56068145028455,DOWN,1752173936
16325,CRSP,2024-05-29 08:00:00,54.84,53.66,529.81,525.68,1121012,pre_market,-1.1800000000000068,-2.15171407731584,-4.1299999999999955,-0.779524735282459,-1.372189342033381,DOWN,1752173936
15510,BCAB,2024-05-29 08:00:00,1.68,1.65,529.81,525.68,817752,pre_market,-0.030000000000000027,-1.7857142857142874,-4.1299999999999955,-0.779524735282459,-1.0061895504318283,DOWN,1752173936
16077,OCGN,2024-05-29 07:15:00,1.71,1.65,529.81,525.68,4495999,pre_market,-0.06000000000000005,-3.5087719298245648,-4.1299999999999955,-0.779524735282459,-2.729247194542106,DOWN,1752173936
16046,AKRO,2024-05-29 07:00:00,19.5,19.03,529.81,525.68,568994,pre_market,-0.46999999999999886,-2.4102564102564044,-4.1299999999999955,-0.779524735282459,-1.6307316749739453,DOWN,1752173936
14638,MDWD,2024-05-29 07:00:00,17.79,17.17,529.81,525.68,121261,pre_market,-0.6199999999999974,-3.485103991006169,-4.1299999999999955,-0.779524735282459,-2.70557925572371,DOWN,1752173936
14909,IMCR,2024-05-29 07:00:00,46.3,46.36,529.81,525.68,715637,pre_market,0.060000000000002274,0.12958963282937858,-4.1299999999999955,-0.779524735282459,0.9091143681118377,UP,1752173936
15585,NSPR,2024-05-28 08:53:00,2.54,2.56,529.44,530.27,100011,pre_market,0.020000000000000018,0.7874015748031503,0.8299999999999272,0.15676941674220443,0.6306321580609459,UP,1752173936
15054,EVAX,2024-05-28 08:21:00,20.2,20.2,529.44,530.27,4880,pre_market,0.0,0.0,0.8299999999999272,0.15676941674220443,-0.15676941674220443,UP,1752173936
15199,LGVN,2024-05-28 08:05:00,1.1,1.1,529.44,530.27,188216,pre_market,0.0,0.0,0.8299999999999272,0.15676941674220443,-0.15676941674220443,UP,1752173936
15088,MYNZ,2024-05-28 08:01:00,22.868,24.728,529.44,530.27,10318,pre_market,1.860000000000003,8.133636522651754,0.8299999999999272,0.15676941674220443,7.97686710590955,UP,1752173936
15388,TGTX,2024-05-28 07:30:00,16.71,16.81,529.44,530.27,3210981,pre_market,0.09999999999999787,0.5984440454817347,0.8299999999999272,0.15676941674220443,0.44167462873953023,UP,1752173936
16078,OCGN,2024-05-28 07:02:00,1.75,1.75,529.44,530.27,5474849,pre_market,0.0,0.0,0.8299999999999272,0.15676941674220443,-0.15676941674220443,UP,1752173936
16027,BTAI,2024-05-28 07:00:00,29.76,29.76,529.44,530.27,35212,pre_market,0.0,0.0,0.8299999999999272,0.15676941674220443,-0.15676941674220443,UP,1752173936
16249,GTHX,2024-05-28 06:30:00,4.09,4.06,529.44,530.27,2794137,pre_market,-0.03000000000000025,-0.7334963325183435,0.8299999999999272,0.15676941674220443,-0.8902657492605479,DOWN,1752173936
15927,MNOV,2024-05-28 06:00:00,1.34,1.32,529.44,530.27,56975,pre_market,-0.020000000000000018,-1.492537313432837,0.8299999999999272,0.15676941674220443,-1.6493067301750415,DOWN,1752173936
15360,OPGN,2024-05-24 16:05:00,3.25,3.3,527.85,529.44,53839,regular_market,0.04999999999999982,1.538461538461533,1.5900000000000318,0.30122193805058856,1.2372396004109445,UP,1752173936
16311,IOVA,2024-05-24 16:01:00,10.87,10.01,527.85,529.44,6517044,regular_market,-0.8599999999999994,-7.91168353265869,1.5900000000000318,0.30122193805058856,-8.212905470709279,DOWN,1752173936
15745,RENB,2024-05-24 09:20:00,1.32,1.34,525.96,527.85,1138589,pre_market,0.020000000000000018,1.5151515151515165,1.8899999999999864,0.3593429158110857,1.1558085993404308,UP,1752173936
15468,INAB,2024-05-24 08:00:00,31.197,31.2,525.96,527.85,3715,pre_market,0.0030000000000001137,0.009616309260506183,1.8899999999999864,0.3593429158110857,-0.3497266065505795,UP,1752173936
16357,TOVX,2024-05-23 21:38:00,8.275,8.4725,525.96,527.85,122374,after_market,0.1974999999999998,2.3867069486404806,1.8899999999999864,0.3593429158110857,2.0273640328293947,UP,1752173936
15065,CHRS,2024-05-23 17:51:00,2.11,2.01,532.96,525.96,1287418,regular_market,-0.10000000000000009,-4.739336492891,-7.0,-1.3134193935755027,-3.4259170993154973,DOWN,1752173936
15225,KRON,2024-05-23 17:15:00,1.02,0.97,532.96,525.96,284879,regular_market,-0.050000000000000044,-4.901960784313729,-7.0,-1.3134193935755027,-3.588541390738227,DOWN,1752173936
16250,GTHX,2024-05-23 17:06:00,4.33,4.22,532.96,525.96,528164,regular_market,-0.11000000000000032,-2.540415704387998,-7.0,-1.3134193935755027,-1.2269963108124953,DOWN,1752173936
15842,NKGN,2024-05-23 17:05:00,1.87,1.86,532.96,525.96,1902816,regular_market,-0.010000000000000009,-0.5347593582887704,-7.0,-1.3134193935755027,0.7786600352867323,DOWN,1752173936
16491,CRBP,2024-05-23 17:05:00,45.07,41.38,532.96,525.96,146601,regular_market,-3.6899999999999977,-8.187264255602392,-7.0,-1.3134193935755027,-6.873844862026889,DOWN,1752173936
15511,BCAB,2024-05-23 17:05:00,2.27,2.1,532.96,525.96,586801,regular_market,-0.16999999999999993,-7.488986784140966,-7.0,-1.3134193935755027,-6.1755673905654636,DOWN,1752173936
15055,EVAX,2024-05-23 17:00:00,18.55,19.4,532.96,525.96,3745,regular_market,0.8499999999999979,4.582210242587589,-7.0,-1.3134193935755027,5.8956296361630915,UP,1752173936
15469,INAB,2024-05-23 17:00:00,30.9,31.197,532.96,525.96,811,regular_market,0.2970000000000006,0.9611650485436912,-7.0,-1.3134193935755027,2.274584442119194,UP,1752173936
16629,CADL,2024-05-23 17:00:00,10.72,10.69,532.96,525.96,1009632,regular_market,-0.030000000000001137,-0.27985074626866735,-7.0,-1.3134193935755027,1.0335686473068355,DOWN,1752173936
16312,IOVA,2024-05-23 17:00:00,10.38,10.26,532.96,525.96,5763524,regular_market,-0.120000000000001,-1.1560693641618591,-7.0,-1.3134193935755027,0.15735002941364362,DOWN,1752173936
16470,NOTV,2024-05-23 16:15:00,2.06,1.98,532.96,525.96,301984,regular_market,-0.08000000000000007,-3.883495145631071,-7.0,-1.3134193935755027,-2.570075752055568,DOWN,1752173936
16208,VXRT,2024-05-23 16:01:00,0.99,0.8994,532.96,525.96,1034168,regular_market,-0.09060000000000001,-9.151515151515154,-7.0,-1.3134193935755027,-7.8380957579396515,DOWN,1752173936
15066,CHRS,2024-05-23 09:00:00,2.11,2.11,529.83,532.96,1287418,pre_market,0.0,0.0,3.1299999999999955,0.5907555253571891,-0.5907555253571891,UP,1752173936
15783,YTEN,2024-05-23 08:32:00,2.29,2.3,529.83,532.96,9913,pre_market,0.009999999999999787,0.4366812227074143,3.1299999999999955,0.5907555253571891,-0.15407430264977484,UP,1752173936
16358,TOVX,2024-05-23 08:15:00,9.05,10.5,529.83,532.96,845669,pre_market,1.4499999999999993,16.022099447513803,3.1299999999999955,0.5907555253571891,15.431343922156614,UP,1752173936
16326,CRSP,2024-05-23 08:00:00,56.8,56.8,529.83,532.96,1361627,pre_market,0.0,0.0,3.1299999999999955,0.5907555253571891,-0.5907555253571891,UP,1752173936
15444,ADAG,2024-05-22 16:45:00,2.5712,2.61,530.65,529.83,207305,regular_market,0.038799999999999724,1.5090230242688132,-0.8199999999999363,-0.15452746631488481,1.663550490583698,UP,1752173936
15226,KRON,2024-05-22 16:30:00,1.02,1.0,530.65,529.83,189833,regular_market,-0.020000000000000018,-1.960784313725492,-0.8199999999999363,-0.15452746631488481,-1.806256847410607,DOWN,1752173936
16251,GTHX,2024-05-22 10:00:00,4.53,4.6,531.36,530.65,1003820,pre_market,0.0699999999999994,1.5452538631346444,-0.7100000000000364,-0.1336193917494799,1.6788732548841243,UP,1752173936
14789,TTOO,2024-05-22 09:00:00,5.45,5.36,531.36,530.65,98530,pre_market,-0.08999999999999986,-1.651376146788988,-0.7100000000000364,-0.1336193917494799,-1.5177567550395081,DOWN,1752173936
16630,CADL,2024-05-22 08:00:00,12.27,12.31,531.36,530.65,761193,pre_market,0.040000000000000924,0.3259983700081575,-0.7100000000000364,-0.1336193917494799,0.4596177617576374,UP,1752173936
14639,MDWD,2024-05-22 08:00:00,17.18,17.0,531.36,530.65,73252,pre_market,-0.17999999999999972,-1.0477299185098936,-0.7100000000000364,-0.1336193917494799,-0.9141105267604137,DOWN,1752173936
16252,GTHX,2024-05-22 06:30:00,4.53,4.6,531.36,530.65,1003820,pre_market,0.0699999999999994,1.5452538631346444,-0.7100000000000364,-0.1336193917494799,1.6788732548841243,UP,1752173936
15912,BCDA,2024-05-21 17:00:00,6.0,6.09,529.28,531.36,7028,regular_market,0.08999999999999986,1.4999999999999978,2.080000000000041,0.39298669891173693,1.1070133010882608,UP,1752173936
15810,RZLT,2024-05-21 16:05:00,2.89,3.0,529.28,531.36,3855755,regular_market,0.10999999999999988,3.806228373702418,2.080000000000041,0.39298669891173693,3.413241674790681,UP,1752173936
15227,KRON,2024-05-21 08:15:00,1.04,1.04,530.06,529.28,79181,pre_market,0.0,0.0,-0.7799999999999727,-0.14715315247329977,0.14715315247329977,UP,1752173936
15650,CERT,2024-05-21 08:00:00,16.36,16.38,530.06,529.28,318896,pre_market,0.019999999999999574,0.12224938875305363,-0.7799999999999727,-0.14715315247329977,0.26940254122635343,UP,1752173936
15420,ANVS,2024-05-21 07:30:00,8.75,8.7,530.06,529.28,271623,pre_market,-0.05000000000000071,-0.5714285714285796,-0.7799999999999727,-0.14715315247329977,-0.42427541895527987,DOWN,1752173936
16028,BTAI,2024-05-21 07:00:00,33.6,33.6,530.06,529.28,16761,pre_market,0.0,0.0,-0.7799999999999727,-0.14715315247329977,0.14715315247329977,UP,1752173936
15843,NKGN,2024-05-20 08:05:00,1.12,1.42,529.45,529.57,33434919,pre_market,0.2999999999999998,26.785714285714267,0.12000000000000455,0.0226650297478524,26.763049255966415,UP,1752173936
15089,MYNZ,2024-05-20 08:01:00,27.196,25.644,529.45,529.57,5675,pre_market,-1.5520000000000032,-5.706721576702468,0.12000000000000455,0.0226650297478524,-5.72938660645032,DOWN,1752173936
16631,CADL,2024-05-20 08:00:00,11.5,11.68,529.45,529.57,500137,pre_market,0.17999999999999972,1.5652173913043455,0.12000000000000455,0.0226650297478524,1.5425523615564931,UP,1752173936
15152,BIOR,2024-05-20 08:00:00,7.297,7.3,529.45,529.57,23564,pre_market,0.0030000000000001137,0.04111278607647134,0.12000000000000455,0.0226650297478524,0.01844775632861894,UP,1752173936
16079,OCGN,2024-05-20 07:00:00,1.91,1.93,529.45,529.57,3552818,pre_market,0.020000000000000018,1.0471204188481684,0.12000000000000455,0.0226650297478524,1.024455389100316,UP,1752173936
16550,BNOX,2024-05-20 06:30:00,0.9024,0.93,529.45,529.57,11741,pre_market,0.02760000000000007,3.05851063829788,0.12000000000000455,0.0226650297478524,3.0358456085500274,UP,1752173936
15928,MNOV,2024-05-20 06:00:00,1.42,1.42,529.45,529.57,17832,pre_market,0.0,0.0,0.12000000000000455,0.0226650297478524,-0.0226650297478524,UP,1752173936
16313,IOVA,2024-05-17 17:15:00,10.44,10.24,528.81,529.45,4505696,regular_market,-0.1999999999999993,-1.9157088122605297,0.6400000000001,0.12102645562680359,-2.0367352678873334,DOWN,1752173936
16119,OCS,2024-05-17 16:30:00,11.91,11.975,528.81,529.45,3947,regular_market,0.0649999999999995,0.5457598656591057,0.6400000000001,0.12102645562680359,0.42473341003230214,UP,1752173936
14790,TTOO,2024-05-17 16:05:00,5.65,5.64,528.81,529.45,180329,regular_market,-0.010000000000000675,-0.1769911504424898,0.6400000000001,0.12102645562680359,-0.2980176060692934,DOWN,1752173936
16136,ANNX,2024-05-16 16:05:00,4.5,4.36,529.88,528.69,1031053,regular_market,-0.13999999999999968,-3.111111111111104,-1.1899999999999409,-0.22457914999621442,-2.8865319611148896,DOWN,1752173936
15844,NKGN,2024-05-16 08:05:00,1.14,1.12,529.78,529.88,53154,pre_market,-0.019999999999999796,-1.7543859649122628,0.10000000000002274,0.018875759749334205,-1.7732617246615971,DOWN,1752173936
15723,MLTX,2024-05-16 08:00:00,40.69,40.84,529.78,529.88,236125,pre_market,0.15000000000000568,0.3686409437208299,0.10000000000002274,0.018875759749334205,0.3497651839714957,UP,1752173936
14476,FBIO,2024-05-16 08:00:00,1.74,1.75,529.78,529.88,164078,pre_market,0.010000000000000009,0.5747126436781614,0.10000000000002274,0.018875759749334205,0.5558368839288272,UP,1752173936
15361,OPGN,2024-05-16 07:00:00,4.394,4.2,529.78,529.88,55867,pre_market,-0.19399999999999995,-4.41511151570323,0.10000000000002274,0.018875759749334205,-4.433987275452564,DOWN,1752173936
16085,CNTG,2024-05-15 17:17:00,0.42,0.4,525.83,529.78,1077651,regular_market,-0.019999999999999962,-4.761904761904753,3.949999999999932,0.7511933514633876,-5.513098113368141,DOWN,1752173936
16086,CNTG,2024-05-15 17:10:00,0.42,0.4,525.83,529.78,1077651,regular_market,-0.019999999999999962,-4.761904761904753,3.949999999999932,0.7511933514633876,-5.513098113368141,DOWN,1752173936
15249,CDTX,2024-05-15 16:20:00,13.13,12.71,525.83,529.78,22090,regular_market,-0.41999999999999993,-3.1987814166031985,3.949999999999932,0.7511933514633876,-3.949974768066586,DOWN,1752173936
14477,FBIO,2024-05-15 16:15:00,1.79,1.74,525.83,529.78,102275,regular_market,-0.050000000000000044,-2.793296089385477,3.949999999999932,0.7511933514633876,-3.5444894408488645,DOWN,1752173936
15153,BIOR,2024-05-15 16:05:00,7.4,7.15,525.83,529.78,32827,regular_market,-0.25,-3.378378378378378,3.949999999999932,0.7511933514633876,-4.129571729841766,DOWN,1752173936
15811,RZLT,2024-05-15 16:05:00,2.62,2.65,525.83,529.78,149421,regular_market,0.029999999999999805,1.1450381679389239,3.949999999999932,0.7511933514633876,0.39384481647553626,UP,1752173936
16471,NOTV,2024-05-15 16:05:00,2.22,2.24,525.83,529.78,1111806,regular_market,0.020000000000000018,0.9009009009009016,3.949999999999932,0.7511933514633876,0.14970754943751396,UP,1752173936
14494,KA,2024-05-15 16:01:00,0.52,0.4782,525.83,529.78,134042,regular_market,-0.041800000000000004,-8.038461538461538,3.949999999999932,0.7511933514633876,-8.789654889924925,DOWN,1752173936
15250,CDTX,2024-05-15 16:01:00,13.13,12.71,525.83,529.78,22090,regular_market,-0.41999999999999993,-3.1987814166031985,3.949999999999932,0.7511933514633876,-3.949974768066586,DOWN,1752173936
14674,EYEN,2024-05-15 16:01:00,70.632,84.8,525.83,529.78,35915,regular_market,14.167999999999992,20.05889681730659,3.949999999999932,0.7511933514633876,19.3077034658432,UP,1752173936
15784,YTEN,2024-05-15 16:00:00,2.02,2.88,525.83,529.78,384071,regular_market,0.8599999999999999,42.574257425742566,3.949999999999932,0.7511933514633876,41.82306407427918,UP,1752173936
16186,MDXH,2024-05-15 16:00:00,2.84,2.815,525.83,529.78,42104,regular_market,-0.02499999999999991,-0.880281690140842,3.949999999999932,0.7511933514633876,-1.6314750416042296,DOWN,1752173936
15785,YTEN,2024-05-15 08:30:00,5.26,2.02,523.3,525.83,384071,pre_market,-3.2399999999999998,-61.596958174904934,2.5300000000000864,0.4834702847315281,-62.080428459636465,DOWN,1752173936
14848,IMNN,2024-05-15 08:30:00,1.345,1.33,523.3,525.83,30260,pre_market,-0.014999999999999902,-1.1152416356877253,2.5300000000000864,0.4834702847315281,-1.5987119204192535,DOWN,1752173936
16519,IMMP,2024-05-15 08:00:00,2.93,3.08,523.3,525.83,261092,pre_market,0.1499999999999999,5.119453924914672,2.5300000000000864,0.4834702847315281,4.635983640183144,UP,1752173936
16529,ENTX,2024-05-15 08:00:00,2.51,2.47,523.3,525.83,199670,pre_market,-0.03999999999999959,-1.593625498007952,2.5300000000000864,0.4834702847315281,-2.0770957827394803,DOWN,1752173936
14791,TTOO,2024-05-15 07:00:00,4.16,4.61,523.3,525.83,3152259,pre_market,0.4500000000000002,10.817307692307697,2.5300000000000864,0.4834702847315281,10.33383740757617,UP,1752173936
14792,TTOO,2024-05-14 17:00:00,4.3,4.16,521.11,523.3,453389,regular_market,-0.13999999999999968,-3.255813953488365,2.189999999999941,0.42025675960928416,-3.676070713097649,DOWN,1752173936
15512,BCAB,2024-05-14 16:05:00,2.7,2.61,521.11,523.3,1043841,regular_market,-0.0900000000000003,-3.3333333333333446,2.189999999999941,0.42025675960928416,-3.7535900929426287,DOWN,1752173936
14985,ICCC,2024-05-14 16:05:00,5.2601,5.4765,521.11,523.3,9197,regular_market,0.21639999999999926,4.113990228322641,2.189999999999941,0.42025675960928416,3.693733468713357,UP,1752173936
15913,BCDA,2024-05-14 16:02:00,5.94,5.94,521.11,523.3,4603,regular_market,0.0,0.0,2.189999999999941,0.42025675960928416,-0.42025675960928416,UP,1752173936
15560,PEPG,2024-05-14 16:02:00,13.7,13.99,521.11,523.3,77817,regular_market,0.2900000000000009,2.11678832116789,2.189999999999941,0.42025675960928416,1.696531561558606,UP,1752173936
16011,TSHA,2024-05-14 16:01:00,2.75,2.57,521.11,523.3,2706539,regular_market,-0.18000000000000016,-6.545454545454551,2.189999999999941,0.42025675960928416,-6.965711305063835,DOWN,1752173936
15110,SCPH,2024-05-14 16:01:00,4.39,4.5,521.11,523.3,347143,regular_market,0.11000000000000032,2.5056947608200533,2.189999999999941,0.42025675960928416,2.085438001210769,UP,1752173936
14535,DYAI,2024-05-14 16:00:00,1.5,1.49,521.11,523.3,27664,regular_market,-0.010000000000000009,-0.6666666666666672,2.189999999999941,0.42025675960928416,-1.0869234262759513,DOWN,1752173936
15470,INAB,2024-05-14 10:00:00,30.6,31.2,520.91,521.11,3753,pre_market,0.5999999999999979,1.9607843137254832,0.20000000000004547,0.038394348351931326,1.922389965373552,UP,1752173936
16370,EDIT,2024-05-14 10:00:00,5.71,5.86,520.91,521.11,1625855,pre_market,0.15000000000000036,2.626970227670759,0.20000000000004547,0.038394348351931326,2.588575879318828,UP,1752173936
16087,CNTG,2024-05-14 08:30:00,0.3999,0.4,520.91,521.11,103016,pre_market,0.0001000000000000445,0.02500625156290185,0.20000000000004547,0.038394348351931326,-0.013388096789029476,UP,1752173936
14478,FBIO,2024-05-14 08:30:00,1.7,1.72,520.91,521.11,172016,pre_market,0.020000000000000018,1.176470588235295,0.20000000000004547,0.038394348351931326,1.1380762398833637,UP,1752173936
15990,OVID,2024-05-14 08:00:00,3.02,3.0,520.91,521.11,122743,pre_market,-0.020000000000000018,-0.6622516556291397,0.20000000000004547,0.038394348351931326,-0.700646003981071,DOWN,1752173936
16360,TOVX,2024-05-14 08:00:00,9.3525,9.0,520.91,521.11,4536,pre_market,-0.35249999999999915,-3.769045709703279,0.20000000000004547,0.038394348351931326,-3.80744005805521,DOWN,1752173936
16632,CADL,2024-05-14 08:00:00,10.2,9.97,520.91,521.11,584067,pre_market,-0.22999999999999865,-2.2549019607843004,0.20000000000004547,0.038394348351931326,-2.2932963091362315,DOWN,1752173936
16359,TOVX,2024-05-14 08:00:00,9.3525,9.0,520.91,521.11,4536,pre_market,-0.35249999999999915,-3.769045709703279,0.20000000000004547,0.038394348351931326,-3.80744005805521,DOWN,1752173936
14558,JSPR,2024-05-14 08:00:00,20.76,20.61,520.91,521.11,39212,pre_market,-0.15000000000000213,-0.7225433526011663,0.20000000000004547,0.038394348351931326,-0.7609377009530977,DOWN,1752173936
14675,EYEN,2024-05-14 07:00:00,65.256,64.8,520.91,521.11,10783,pre_market,-0.45600000000000307,-0.698786318499453,0.20000000000004547,0.038394348351931326,-0.7371806668513844,DOWN,1752173936
16472,NOTV,2024-05-14 07:00:00,4.17,2.84,520.91,521.11,4020666,pre_market,-1.33,-31.894484412470025,0.20000000000004547,0.038394348351931326,-31.932878760821957,DOWN,1752173936
15586,NSPR,2024-05-14 07:00:00,2.3999,2.43,520.91,521.11,52386,pre_market,0.030100000000000016,1.2542189257885752,0.20000000000004547,0.038394348351931326,1.2158245774366438,UP,1752173936
15929,MNOV,2024-05-14 06:00:00,1.52,1.53,520.91,521.11,41803,pre_market,0.010000000000000009,0.6578947368421059,0.20000000000004547,0.038394348351931326,0.6195003884901745,UP,1752173936
15972,CAPR,2024-05-13 16:05:00,5.34,5.44,522.56,520.91,193872,regular_market,0.10000000000000053,1.8726591760299727,-1.6499999999999773,-0.31575321494182057,2.188412390971793,UP,1752173936
15111,SCPH,2024-05-13 16:05:00,4.54,4.35,522.56,520.91,179735,regular_market,-0.1900000000000004,-4.185022026431726,-1.6499999999999773,-0.31575321494182057,-3.8692688114899054,DOWN,1752173936
16209,VXRT,2024-05-13 16:01:00,0.72,0.82,522.56,520.91,3119476,regular_market,0.09999999999999998,13.888888888888888,-1.6499999999999773,-0.31575321494182057,14.204642103830707,UP,1752173936
15663,AKYA,2024-05-13 16:00:00,4.28,4.12,522.56,520.91,162138,regular_market,-0.16000000000000014,-3.738317757009349,-1.6499999999999773,-0.31575321494182057,-3.422564542067528,DOWN,1752173936
14849,IMNN,2024-05-13 09:00:00,1.38,1.42,520.84,522.56,27640,pre_market,0.040000000000000036,2.898550724637684,1.7199999999999136,0.3302357729820892,2.5683149516555948,UP,1752173936
16692,CKPT,2024-05-13 08:30:00,1.5,1.55,520.84,522.56,297800,pre_market,0.050000000000000044,3.333333333333336,1.7199999999999136,0.3302357729820892,3.003097560351247,UP,1752173936
16453,RNAZ,2024-05-13 08:30:00,1302.84,1053.36,520.84,522.56,7582,pre_market,-249.48000000000002,-19.148936170212767,1.7199999999999136,0.3302357729820892,-19.479171943194856,DOWN,1752173936
15203,BMRA,2024-05-13 08:19:00,4.7048,4.088,520.84,522.56,137066,pre_market,-0.6167999999999996,-13.1100153035198,1.7199999999999136,0.3302357729820892,-13.44025107650189,DOWN,1752173936
16713,XFOR,2024-05-13 08:00:00,31.5,31.8,520.84,522.56,109639,pre_market,0.3000000000000007,0.9523809523809548,1.7199999999999136,0.3302357729820892,0.6221451793988655,UP,1752173936
14559,JSPR,2024-05-13 08:00:00,21.33,21.29,520.84,522.56,35493,pre_market,-0.03999999999999915,-0.18752930145334812,1.7199999999999136,0.3302357729820892,-0.5177650744354374,DOWN,1752173936
15471,INAB,2024-05-13 08:00:00,30.3,30.9,520.84,522.56,1499,pre_market,0.5999999999999979,1.9801980198019733,1.7199999999999136,0.3302357729820892,1.649962246819884,UP,1752173936
14850,IMNN,2024-05-13 08:00:00,1.38,1.42,520.84,522.56,27640,pre_market,0.040000000000000036,2.898550724637684,1.7199999999999136,0.3302357729820892,2.5683149516555948,UP,1752173936
16137,ANNX,2024-05-13 08:00:00,4.75,4.95,520.84,522.56,1336241,pre_market,0.20000000000000018,4.210526315789478,1.7199999999999136,0.3302357729820892,3.880290542807389,UP,1752173936
16293,HUMA,2024-05-13 08:00:00,4.7,4.74,520.84,522.56,3869380,pre_market,0.040000000000000036,0.8510638297872347,1.7199999999999136,0.3302357729820892,0.5208280568051455,UP,1752173936
15421,ANVS,2024-05-13 07:30:00,5.93,6.5,520.84,522.56,589333,pre_market,0.5700000000000003,9.612141652613833,1.7199999999999136,0.3302357729820892,9.281905879631744,UP,1752173936
15290,TLSA,2024-05-13 07:00:00,0.6227,0.621,520.84,522.56,95628,pre_market,-0.0017000000000000348,-0.2730046571382744,1.7199999999999136,0.3302357729820892,-0.6032404301203635,DOWN,1752173936
15991,OVID,2024-05-13 07:00:00,3.0,3.0,520.84,522.56,69595,pre_market,0.0,0.0,1.7199999999999136,0.3302357729820892,-0.3302357729820892,UP,1752173936
16530,ENTX,2024-05-13 07:00:00,2.46,2.51,520.84,522.56,89227,pre_market,0.04999999999999982,2.0325203252032447,1.7199999999999136,0.3302357729820892,1.7022845522211554,UP,1752173936
15056,EVAX,2024-05-10 17:00:00,18.35,18.6,521.81,520.84,1240,regular_market,0.25,1.3623978201634876,-0.9699999999999136,-0.18589141641592027,1.5482892365794079,UP,1752173936
16531,ENTX,2024-05-10 16:10:00,2.5,2.46,521.81,520.84,154803,regular_market,-0.040000000000000036,-1.6000000000000014,-0.9699999999999136,-0.18589141641592027,-1.4141085835840812,DOWN,1752173936
16226,IMMX,2024-05-10 09:35:00,2.18,2.06,520.17,521.81,403546,pre_market,-0.1200000000000001,-5.504587155963307,1.6399999999999864,0.31528154257261787,-5.819868698535925,DOWN,1752173936
16693,CKPT,2024-05-10 08:30:00,1.56,1.57,520.17,521.81,945724,pre_market,0.010000000000000009,0.6410256410256416,1.6399999999999864,0.31528154257261787,0.32574409845302377,UP,1752173936
14867,OCUP,2024-05-10 08:00:00,1.96,2.01,520.17,521.81,456314,pre_market,0.04999999999999982,2.5510204081632564,1.6399999999999864,0.31528154257261787,2.2357388655906387,UP,1752173936
16047,AKRO,2024-05-10 07:00:00,20.8,21.35,520.17,521.81,567401,pre_market,0.5500000000000007,2.6442307692307727,1.6399999999999864,0.31528154257261787,2.328949226658155,UP,1752173936
16294,HUMA,2024-05-10 07:00:00,4.52,4.5,520.17,521.81,1761812,pre_market,-0.019999999999999574,-0.44247787610618533,1.6399999999999864,0.31528154257261787,-0.7577594186788033,DOWN,1752173936
15488,PCRX,2024-05-10 07:00:00,29.86,29.86,520.17,521.81,5644229,pre_market,0.0,0.0,1.6399999999999864,0.31528154257261787,-0.31528154257261787,UP,1752173936
16088,CNTG,2024-05-10 06:30:00,0.398,0.39,520.17,521.81,71237,pre_market,-0.008000000000000007,-2.010050251256283,1.6399999999999864,0.31528154257261787,-2.3253317938289007,DOWN,1752173936
16371,EDIT,2024-05-10 06:00:00,5.56,5.52,520.17,521.81,1637650,pre_market,-0.040000000000000036,-0.7194244604316554,1.6399999999999864,0.31528154257261787,-1.0347060030042732,DOWN,1752173936
16473,NOTV,2024-05-09 18:56:00,4.79,4.16,517.38,520.17,486248,regular_market,-0.6299999999999999,-13.152400835073067,2.7899999999999636,0.5392554795314786,-13.691656314604545,DOWN,1752173936
14573,ANAB,2024-05-09 16:15:00,25.77,26.23,517.38,520.17,226338,regular_market,0.46000000000000085,1.7850213426464916,2.7899999999999636,0.5392554795314786,1.245765863115013,UP,1752173936
14574,ANAB,2024-05-09 16:10:00,25.77,26.23,517.38,520.17,226338,regular_market,0.46000000000000085,1.7850213426464916,2.7899999999999636,0.5392554795314786,1.245765863115013,UP,1752173936
14575,ANAB,2024-05-09 16:05:00,25.77,26.23,517.38,520.17,226338,regular_market,0.46000000000000085,1.7850213426464916,2.7899999999999636,0.5392554795314786,1.245765863115013,UP,1752173936
15228,KRON,2024-05-09 16:05:00,1.06,1.05,517.38,520.17,227483,regular_market,-0.010000000000000009,-0.9433962264150951,2.7899999999999636,0.5392554795314786,-1.4826517059465738,DOWN,1752173936
16271,INMB,2024-05-09 16:05:00,10.43,10.77,517.38,520.17,107133,regular_market,0.33999999999999986,3.259827420901245,2.7899999999999636,0.5392554795314786,2.7205719413697667,UP,1752173936
14828,SPRY,2024-05-09 16:05:00,9.06,8.8,517.38,520.17,332315,regular_market,-0.2599999999999998,-2.8697571743929338,2.7899999999999636,0.5392554795314786,-3.409012653924412,DOWN,1752173936
15006,ONCT,2024-05-09 16:01:00,8.635,8.635,517.38,520.17,1695,regular_market,0.0,0.0,2.7899999999999636,0.5392554795314786,-0.5392554795314786,UP,1752173936
15067,CHRS,2024-05-09 16:01:00,2.25,2.12,517.38,520.17,2203793,regular_market,-0.1299999999999999,-5.777777777777773,2.7899999999999636,0.5392554795314786,-6.317033257309252,DOWN,1752173936
16314,IOVA,2024-05-09 16:01:00,13.38,13.45,517.38,520.17,4733950,regular_market,0.06999999999999851,0.5231689088191218,2.7899999999999636,0.5392554795314786,-0.01608657071235675,UP,1752173936
15472,INAB,2024-05-09 16:00:00,30.3,30.3,517.38,520.17,3099,regular_market,0.0,0.0,2.7899999999999636,0.5392554795314786,-0.5392554795314786,UP,1752173936
15973,CAPR,2024-05-09 09:15:00,5.37,5.36,517.19,517.38,111219,pre_market,-0.009999999999999787,-0.18621973929236102,0.18999999999994088,0.03673698254025423,-0.22295672183261525,DOWN,1752173936
16327,CRSP,2024-05-09 08:30:00,53.29,52.11,517.19,517.38,1701154,pre_market,-1.1799999999999997,-2.2142991180334017,0.18999999999994088,0.03673698254025423,-2.251036100573656,DOWN,1752173936
15556,KBLB,2024-05-09 08:05:00,0.1116,0.1134,517.19,517.38,2434512,pre_market,0.001799999999999996,1.6129032258064482,0.18999999999994088,0.03673698254025423,1.576166243266194,UP,1752173936
16138,ANNX,2024-05-09 08:00:00,4.87,4.86,517.19,517.38,1877687,pre_market,-0.009999999999999787,-0.20533880903490323,0.18999999999994088,0.03673698254025423,-0.24207579157515746,DOWN,1752173936
16492,CRBP,2024-05-09 08:00:00,42.39,43.52,517.19,517.38,650385,pre_market,1.1300000000000026,2.665723047888659,0.18999999999994088,0.03673698254025423,2.6289860653484047,UP,1752173936
16665,RAPT,2024-05-09 08:00:00,63.84,42.0,517.19,517.38,609307,pre_market,-21.840000000000003,-34.21052631578947,0.18999999999994088,0.03673698254025423,-34.24726329832973,DOWN,1752173936
15664,AKYA,2024-05-09 08:00:00,4.11,4.1,517.19,517.38,264639,pre_market,-0.010000000000000675,-0.24330900243310644,0.18999999999994088,0.03673698254025423,-0.28004598497336064,DOWN,1752173936
15068,CHRS,2024-05-09 07:30:00,2.23,2.25,517.19,517.38,2203793,pre_market,0.020000000000000018,0.896860986547086,0.18999999999994088,0.03673698254025423,0.8601240040068318,UP,1752173936
15273,NTLA,2024-05-09 07:30:00,23.0,24.29,517.19,517.38,1669933,pre_market,1.2899999999999991,5.6086956521739095,0.18999999999994088,0.03673698254025423,5.571958669633656,UP,1752173936
15422,ANVS,2024-05-09 07:30:00,4.82,5.1,517.19,517.38,2122717,pre_market,0.27999999999999936,5.809128630705381,0.18999999999994088,0.03673698254025423,5.772391648165127,UP,1752173936
16029,BTAI,2024-05-09 07:00:00,33.92,36.48,517.19,517.38,41588,pre_market,2.559999999999995,7.547169811320741,0.18999999999994088,0.03673698254025423,7.510432828780487,UP,1752173936
15914,BCDA,2024-05-09 07:00:00,5.91,5.7,517.19,517.38,10291,pre_market,-0.20999999999999996,-3.5532994923857864,0.18999999999994088,0.03673698254025423,-3.5900364749260407,DOWN,1752173936
15166,MLYS,2024-05-09 07:00:00,14.65,14.68,517.19,517.38,189561,pre_market,0.02999999999999936,0.20477815699658264,0.18999999999994088,0.03673698254025423,0.1680411744563284,UP,1752173936
16714,XFOR,2024-05-09 06:30:00,31.2,31.5,517.19,517.38,215718,pre_market,0.3000000000000007,0.9615384615384639,0.18999999999994088,0.03673698254025423,0.9248014789982096,UP,1752173936
14603,ECOR,2024-05-08 16:05:00,6.93,7.2381,515.26,517.19,33350,regular_market,0.3081000000000005,4.445887445887453,1.9300000000000637,0.37456817917169266,4.0713192667157605,UP,1752173936
15489,PCRX,2024-05-08 16:05:00,28.9,29.65,515.26,517.19,1933588,regular_market,0.75,2.595155709342561,1.9300000000000637,0.37456817917169266,2.220587530170868,UP,1752173936
16432,PCVX,2024-05-08 16:05:00,66.45,66.79,515.26,517.19,467870,regular_market,0.3400000000000034,0.5116629044394332,1.9300000000000637,0.37456817917169266,0.13709472526774052,UP,1752173936
16328,CRSP,2024-05-08 16:00:00,54.0,53.29,515.26,517.19,1552923,regular_market,-0.7100000000000009,-1.3148148148148164,1.9300000000000637,0.37456817917169266,-1.689382993986509,DOWN,1752173936
14986,ICCC,2024-05-08 13:00:00,5.11,5.0624,517.14,515.26,21474,pre_market,-0.04760000000000009,-0.9315068493150702,-1.8799999999999955,-0.3635379200990052,-0.567968929216065,DOWN,1752173936
15974,CAPR,2024-05-08 09:00:00,5.46,5.36,517.14,515.26,196232,pre_market,-0.09999999999999964,-1.831501831501825,-1.8799999999999955,-0.3635379200990052,-1.4679639114028198,DOWN,1752173936
15069,CHRS,2024-05-08 09:00:00,2.25,2.25,517.14,515.26,1247098,pre_market,0.0,0.0,-1.8799999999999955,-0.3635379200990052,0.3635379200990052,UP,1752173936
14536,DYAI,2024-05-08 08:30:00,1.41,1.4423,517.14,515.26,21267,pre_market,0.032299999999999995,2.2907801418439715,-1.8799999999999955,-0.3635379200990052,2.654318061942977,UP,1752173936
15513,BCAB,2024-05-08 08:00:00,3.09,3.03,517.14,515.26,564841,pre_market,-0.06000000000000005,-1.9417475728155358,-1.8799999999999955,-0.3635379200990052,-1.5782096527165306,DOWN,1752173936
14851,IMNN,2024-05-08 08:00:00,1.28,1.2849,517.14,515.26,85856,pre_market,0.004899999999999904,0.38281249999999256,-1.8799999999999955,-0.3635379200990052,0.7463504200989978,UP,1752173936
14686,PYPD,2024-05-08 07:00:00,4.86,4.8984,517.14,515.26,7792,pre_market,0.038399999999999324,0.7901234567901094,-1.8799999999999955,-0.3635379200990052,1.1536613768891146,UP,1752173936
16372,EDIT,2024-05-08 07:00:00,5.68,5.4,517.14,515.26,4346916,pre_market,-0.27999999999999936,-4.929577464788721,-1.8799999999999955,-0.3635379200990052,-4.566039544689716,DOWN,1752173936
16048,AKRO,2024-05-08 07:00:00,22.02,21.57,517.14,515.26,581020,pre_market,-0.4499999999999993,-2.0435967302452287,-1.8799999999999955,-0.3635379200990052,-1.6800588101462235,DOWN,1752173936
16329,CRSP,2024-05-08 07:00:00,55.53,54.0,517.14,515.26,1552923,pre_market,-1.5300000000000011,-2.7552674230145886,-1.8799999999999955,-0.3635379200990052,-2.3917295029155836,DOWN,1752173936
15891,CCCC,2024-05-08 07:00:00,6.79,6.83,517.14,515.26,2397099,pre_market,0.040000000000000036,0.5891016200294555,-1.8799999999999955,-0.3635379200990052,0.9526395401284607,UP,1752173936
14910,IMCR,2024-05-08 07:00:00,61.04,59.32,517.14,515.26,243064,pre_market,-1.7199999999999989,-2.817824377457403,-1.8799999999999955,-0.3635379200990052,-2.454286457358398,DOWN,1752173936
16361,TOVX,2024-05-08 06:39:00,10.45,10.0,517.14,515.26,1108,pre_market,-0.4499999999999993,-4.3062200956937735,-1.8799999999999955,-0.3635379200990052,-3.9426821755947685,DOWN,1752173936
14810,ADXN,2024-05-08 01:00:00,9.0,9.02,517.19,517.38,9710,after_market,0.019999999999999574,0.2222222222222175,0.18999999999994088,0.03673698254025423,0.18548523968196326,UP,1752173936
14560,JSPR,2024-05-07 16:30:00,22.34,22.77,517.56,517.14,48296,regular_market,0.4299999999999997,1.9247985675917623,-0.4199999999999591,-0.0811500115928509,2.0059485791846132,UP,1752173936
15651,CERT,2024-05-07 16:15:00,17.67,17.66,517.56,517.14,823073,regular_market,-0.010000000000001563,-0.056593095642340475,-0.4199999999999591,-0.0811500115928509,0.024556915950510426,DOWN,1752173936
15345,IMRX,2024-05-07 16:05:00,1.66,1.56,517.56,517.14,268551,regular_market,-0.09999999999999987,-6.024096385542161,-0.4199999999999591,-0.0811500115928509,-5.94294637394931,DOWN,1752173936
15112,SCPH,2024-05-07 16:05:00,4.76,4.9,517.56,517.14,238868,regular_market,0.14000000000000057,2.9411764705882475,-0.4199999999999591,-0.0811500115928509,3.0223264821810982,UP,1752173936
16012,TSHA,2024-05-07 16:05:00,2.63,2.48,517.56,517.14,1384000,regular_market,-0.1499999999999999,-5.703422053231936,-0.4199999999999591,-0.0811500115928509,-5.622272041639085,DOWN,1752173936
15490,PCRX,2024-05-07 16:00:00,26.75,26.51,517.56,517.14,734470,regular_market,-0.23999999999999844,-0.8971962616822371,-0.4199999999999591,-0.0811500115928509,-0.8160462500893861,DOWN,1752173936
16139,ANNX,2024-05-07 12:30:00,4.81,4.9,516.57,517.56,2336075,pre_market,0.09000000000000075,1.8711018711018867,0.9899999999998954,0.19164876009057732,1.6794531110113093,UP,1752173936
14793,TTOO,2024-05-07 09:00:00,3.63,3.83,516.57,517.56,896563,pre_market,0.20000000000000018,5.509641873278242,0.9899999999998954,0.19164876009057732,5.317993113187665,UP,1752173936
15090,MYNZ,2024-05-07 08:01:00,29.6,30.404,516.57,517.56,7721,pre_market,0.8039999999999985,2.716216216216211,0.9899999999998954,0.19164876009057732,2.5245674561256335,UP,1752173936
15724,MLTX,2024-05-07 08:00:00,44.52,43.81,516.57,517.56,302513,pre_market,-0.7100000000000009,-1.594788858939804,0.9899999999998954,0.19164876009057732,-1.7864376190303815,DOWN,1752173936
15154,BIOR,2024-05-07 08:00:00,7.513,7.6,516.57,517.56,11456,pre_market,0.08699999999999974,1.157992812458402,0.9899999999998954,0.19164876009057732,0.9663440523678247,UP,1752173936
15528,WINT,2024-05-07 08:00:00,243.75,247.5,516.57,517.56,3558,pre_market,3.75,1.5384615384615385,0.9899999999998954,0.19164876009057732,1.3468127783709611,UP,1752173936
15491,PCRX,2024-05-07 08:00:00,26.5,26.75,516.57,517.56,734470,pre_market,0.25,0.9433962264150944,0.9899999999998954,0.19164876009057732,0.751747466324517,UP,1752173936
16272,INMB,2024-05-07 08:00:00,11.2,11.15,516.57,517.56,63843,pre_market,-0.049999999999998934,-0.44642857142856196,0.9899999999998954,0.19164876009057732,-0.6380773315191393,DOWN,1752173936
16493,CRBP,2024-05-07 08:00:00,38.82,37.97,516.57,517.56,160195,pre_market,-0.8500000000000014,-2.189592993302425,0.9899999999998954,0.19164876009057732,-2.3812417533930024,DOWN,1752173936
15514,BCAB,2024-05-07 08:00:00,3.17,3.17,516.57,517.56,418292,pre_market,0.0,0.0,0.9899999999998954,0.19164876009057732,-0.19164876009057732,UP,1752173936
16210,VXRT,2024-05-07 08:00:00,0.7662,0.77,516.57,517.56,617287,pre_market,0.0038000000000000256,0.4959540589924335,0.9899999999998954,0.19164876009057732,0.3043052989018562,UP,1752173936
15587,NSPR,2024-05-07 07:00:00,2.12,2.09,516.57,517.56,20025,pre_market,-0.03000000000000025,-1.4150943396226532,0.9899999999998954,0.19164876009057732,-1.6067430997132306,DOWN,1752173936
16362,TOVX,2024-05-07 07:00:00,10.0,9.925,516.57,517.56,2036,pre_market,-0.07499999999999929,-0.7499999999999929,0.9899999999998954,0.19164876009057732,-0.9416487600905702,DOWN,1752173936
16715,XFOR,2024-05-07 06:01:00,36.0,31.5,516.57,517.56,158524,pre_market,-4.5,-12.5,0.9899999999998954,0.19164876009057732,-12.691648760090578,DOWN,1752173936
15930,MNOV,2024-05-07 06:00:00,1.32,1.34,516.57,517.56,40239,pre_market,0.020000000000000018,1.5151515151515165,0.9899999999998954,0.19164876009057732,1.323502755060939,UP,1752173936
14795,TTOO,2024-05-06 16:34:00,3.41,3.63,513.75,516.57,903568,regular_market,0.21999999999999975,6.451612903225799,2.82000000000005,0.5489051094890608,5.902707793736738,UP,1752173936
14794,TTOO,2024-05-06 16:34:00,3.41,3.63,513.75,516.57,903568,regular_market,0.21999999999999975,6.451612903225799,2.82000000000005,0.5489051094890608,5.902707793736738,UP,1752173936
15346,IMRX,2024-05-06 16:30:00,1.64,1.65,513.75,516.57,319002,regular_market,0.010000000000000009,0.6097560975609762,2.82000000000005,0.5489051094890608,0.06085098807191536,UP,1752173936
14796,TTOO,2024-05-06 16:29:00,3.41,3.63,513.75,516.57,903568,regular_market,0.21999999999999975,6.451612903225799,2.82000000000005,0.5489051094890608,5.902707793736738,UP,1752173936
14768,ORIC,2024-05-06 16:05:00,9.7,9.37,513.75,516.57,311589,regular_market,-0.33000000000000007,-3.4020618556701043,2.82000000000005,0.5489051094890608,-3.9509669651591652,DOWN,1752173936
14852,IMNN,2024-05-06 11:00:00,1.33,1.33,511.29,513.75,28372,pre_market,0.0,0.0,2.4599999999999795,0.48113595024349765,-0.48113595024349765,UP,1752173936
15975,CAPR,2024-05-06 09:00:00,5.47,5.47,511.29,513.75,141068,pre_market,0.0,0.0,2.4599999999999795,0.48113595024349765,-0.48113595024349765,UP,1752173936
15665,AKYA,2024-05-06 08:00:00,4.04,4.08,511.29,513.75,93323,pre_market,0.040000000000000036,0.990099009900991,2.4599999999999795,0.48113595024349765,0.5089630596574933,UP,1752173936
15155,BIOR,2024-05-06 08:00:00,7.31,7.489,511.29,513.75,27253,pre_market,0.17900000000000027,2.4487004103967207,2.4599999999999795,0.48113595024349765,1.967564460153223,UP,1752173936
14868,OCUP,2024-05-06 08:00:00,1.99,2.01,511.29,513.75,228426,pre_market,0.019999999999999796,1.0050251256281304,2.4599999999999795,0.48113595024349765,0.5238891753846328,UP,1752173936
15167,MLYS,2024-05-06 08:00:00,12.95,13.16,511.29,513.75,524509,pre_market,0.21000000000000085,1.6216216216216284,2.4599999999999795,0.48113595024349765,1.1404856713781308,UP,1752173936
16295,HUMA,2024-05-06 08:00:00,4.41,4.5,511.29,513.75,1017934,pre_market,0.08999999999999986,2.040816326530609,2.4599999999999795,0.48113595024349765,1.5596803762871114,UP,1752173936
15515,BCAB,2024-05-06 08:00:00,3.25,3.25,511.29,513.75,560675,pre_market,0.0,0.0,2.4599999999999795,0.48113595024349765,-0.48113595024349765,UP,1752173936
15423,ANVS,2024-05-06 07:30:00,5.18,5.3,511.29,513.75,399600,pre_market,0.1200000000000001,2.316602316602319,2.4599999999999795,0.48113595024349765,1.8354663663588213,UP,1752173936
14769,ORIC,2024-05-03 16:30:00,9.77,9.71,511.16,511.29,277184,regular_market,-0.05999999999999872,-0.6141248720573053,0.12999999999999545,0.02543234994913441,-0.6395572220064397,DOWN,1752173936
16013,TSHA,2024-05-03 16:05:00,2.65,2.57,511.16,511.29,1053341,regular_market,-0.08000000000000007,-3.0188679245283048,0.12999999999999545,0.02543234994913441,-3.0443002744774392,DOWN,1752173936
14604,ECOR,2024-05-03 16:05:00,6.35,6.325,511.16,511.29,6413,regular_market,-0.024999999999999467,-0.39370078740156644,0.12999999999999545,0.02543234994913441,-0.41913313735070085,DOWN,1752173936
14869,OCUP,2024-05-03 08:00:00,1.85,1.94,505.03,511.16,350777,pre_market,0.08999999999999986,4.864864864864857,6.130000000000052,1.2137892798447723,3.6510755850200844,UP,1752173936
15007,ONCT,2024-05-02 16:05:00,8.0,8.745,504.15,505.03,10172,regular_market,0.7449999999999992,9.31249999999999,0.8799999999999955,0.17455122483387792,9.13794877516611,UP,1752173936
15168,MLYS,2024-05-02 08:00:00,12.8,13.09,500.35,504.15,113802,pre_market,0.28999999999999915,2.2656249999999933,3.7999999999999545,0.7594683721394933,1.5061566278605,UP,1752173936
15666,AKYA,2024-05-02 08:00:00,3.96,4.02,500.35,504.15,67365,pre_market,0.05999999999999961,1.5151515151515054,3.7999999999999545,0.7594683721394933,0.7556831430120121,UP,1752173936
16520,IMMP,2024-05-02 08:00:00,2.6,2.73,500.35,504.15,168591,pre_market,0.1299999999999999,4.999999999999996,3.7999999999999545,0.7594683721394933,4.240531627860502,UP,1752173936
16014,TSHA,2024-05-02 08:00:00,2.42,2.49,500.35,504.15,1491558,pre_market,0.07000000000000028,2.892561983471086,3.7999999999999545,0.7594683721394933,2.133093611331593,UP,1752173936
15274,NTLA,2024-05-02 07:30:00,22.5,22.8,500.35,504.15,1218715,pre_market,0.3000000000000007,1.3333333333333366,3.7999999999999545,0.7594683721394933,0.5738649611938433,UP,1752173936
16373,EDIT,2024-05-02 07:00:00,5.47,5.54,500.35,504.15,1664383,pre_market,0.07000000000000028,1.2797074954296213,3.7999999999999545,0.7594683721394933,0.520239123290128,UP,1752173936
16253,GTHX,2024-05-01 17:50:00,3.52,4.13,501.38,500.35,1007055,regular_market,0.6099999999999999,17.32954545454545,-1.0299999999999727,-0.20543300490645272,17.534978459451903,UP,1752173936
15070,CHRS,2024-05-01 16:30:00,1.97,2.06,501.38,500.35,1385805,regular_market,0.09000000000000008,4.56852791878173,-1.0299999999999727,-0.20543300490645272,4.773960923688183,UP,1752173936
16716,XFOR,2024-05-01 16:05:00,33.9,33.15,501.38,500.35,118177,regular_market,-0.75,-2.2123893805309733,-1.0299999999999727,-0.20543300490645272,-2.0069563756245206,DOWN,1752173936
15008,ONCT,2024-05-01 09:00:00,8.3102,8.1119,501.98,501.38,4461,pre_market,-0.1982999999999997,-2.3862241582633352,-0.6000000000000227,-0.1195266743695013,-2.266697483893834,DOWN,1752173936
15786,YTEN,2024-05-01 08:30:00,5.6616,5.28,501.98,501.38,19059,pre_market,-0.3815999999999997,-6.74014412886816,-0.6000000000000227,-0.1195266743695013,-6.6206174544986585,DOWN,1752173936
14605,ECOR,2024-05-01 08:04:00,6.2394,6.34,501.98,501.38,10027,pre_market,0.10060000000000002,1.612334519344809,-0.6000000000000227,-0.1195266743695013,1.7318611937143105,UP,1752173936
16494,CRBP,2024-05-01 08:00:00,37.04,36.77,501.98,501.38,133291,pre_market,-0.269999999999996,-0.728941684665216,-0.6000000000000227,-0.1195266743695013,-0.6094150102957148,DOWN,1752173936
16374,EDIT,2024-05-01 08:00:00,5.21,5.21,501.98,501.38,2617619,pre_market,0.0,0.0,-0.6000000000000227,-0.1195266743695013,0.1195266743695013,UP,1752173936
16187,MDXH,2024-05-01 07:45:00,2.5,2.52,501.98,501.38,45899,pre_market,0.020000000000000018,0.8000000000000007,-0.6000000000000227,-0.1195266743695013,0.919526674369502,UP,1752173936
15389,TGTX,2024-05-01 07:00:00,13.66,17.15,501.98,501.38,18588085,pre_market,3.4899999999999984,25.54904831625182,-0.6000000000000227,-0.1195266743695013,25.668574990621323,UP,1752173936
15915,BCDA,2024-05-01 07:00:00,5.8065,5.7795,501.98,501.38,82065,pre_market,-0.027000000000000135,-0.4649961250322937,-0.6000000000000227,-0.1195266743695013,-0.3454694506627924,DOWN,1752173936
16254,GTHX,2024-05-01 06:30:00,3.77,3.52,501.98,501.38,1007055,pre_market,-0.25,-6.631299734748011,-0.6000000000000227,-0.1195266743695013,-6.51177306037851,DOWN,1752173936
16255,GTHX,2024-05-01 06:25:00,3.77,3.52,501.98,501.38,1007055,pre_market,-0.25,-6.631299734748011,-0.6000000000000227,-0.1195266743695013,-6.51177306037851,DOWN,1752173936
16315,IOVA,2024-05-01 06:01:00,11.78,11.75,501.98,501.38,5770970,pre_market,-0.02999999999999936,-0.25466893039048694,-0.6000000000000227,-0.1195266743695013,-0.13514225602098562,DOWN,1752173936
